<NotepadPlus>
    <Session activeView="0">
        <mainView activeIndex="1">
            <File firstVisibleLine="0" xOffset="0" scrollWidth="680" startPos="279" endPos="279" selMode="0" lang="Batch" encoding="-1" filename="D:\sys\osen.bat" backupFilePath="" originalFileLastModifTimestamp="1755254687" />
            <File firstVisibleLine="5" xOffset="0" scrollWidth="1208" startPos="2292" endPos="2292" selMode="0" lang="Batch" encoding="1251" filename="D:\sys\textEdit.bat" backupFilePath="" originalFileLastModifTimestamp="1755261724" />
            <File firstVisibleLine="0" xOffset="0" scrollWidth="848" startPos="596" endPos="596" selMode="0" lang="Batch" encoding="1251" filename="D:\sys\update.cmd" backupFilePath="" originalFileLastModifTimestamp="1755261678" />
            <File firstVisibleLine="0" xOffset="0" scrollWidth="704" startPos="738" endPos="738" selMode="0" lang="Batch" encoding="1251" filename="D:\sys\InfoBar.bat" backupFilePath="" originalFileLastModifTimestamp="1755261811" />
            <File firstVisibleLine="0" xOffset="0" scrollWidth="704" startPos="9" endPos="9" selMode="0" lang="Batch" encoding="1251" filename="D:\sys\InfoBar2.bat" backupFilePath="" originalFileLastModifTimestamp="1755261893" />
        </mainView>
        <subView activeIndex="0" />
    </Session>
</NotepadPlus>
